Fichier,Date,Source,Titre (à compléter)
2025-09-11-Le-Telegramme-Office-de-tourisme.jpeg,11 septembre 2025,Le Télégramme,Ils défendent le projet de Maison du Tourisme
2025-09-11-Le-Tregor-Office-de-tourisme.jpeg,11 septembre 2025,Le Trégor,Les agents défendent leur projet : “On a besoin de ce nouvel office !”
2025-09-11-Ouest-France- Office-de-tourisme.jpeg,11 septembre 2025,Ouest-France,Les salariés défendent le futur office de tourisme
2025-09-19-Le-Telegramme-Partenariat-Vigipol.jpeg,19 septembre 2025,Le Télégramme,Nouveau partenariat pour Vigipol
2025-09-25-Le-Tregor-Freres-Le-Montreer.jpeg,25 septembre 2025,Le Trégor,La rue des Frères Le Montréer en travaux pendant six mois
2025-09-25-Le-Tregor-pollutions-maritimes.jpeg,25 septembre 2025,Le Trégor,Mieux gérer les pollutions maritimes
2025-09-25-Le-Tregor-retour-services-techniques.jpeg,25 septembre 2025,Le Trégor,Retour des services techniques à Perros ? “On ne s’interdit rien”
2025-09-25-Le-Trgeor-avenue-casino-fermée.jpeg,25 septembre 2025,Le Trégor,L’avenue du Casino fermée à la circulation jusque’à la fin de l’année
2025-10-01-Le-Tregor-Traouieros.jpeg,1 octobre 2025,Le Trégor,Vallée des Traouïero. “Notre seule motivation : sécuriser et maintenir la biodiversité”
2025-10-23-Le-Tregor-nuitees-record.jpeg,23 octobre 2025,Le Trégor,Un nombre de nuitées records depuis janvier
2025-10-23-Le-Tregor-super-mois-d-aout-pour-commercants.jpeg,23 octobre 2025,Le Trégor,Les commerçants ont fait un super mois d’août
2025-10-29-Le-Telegramme-petits-hotels.jpeg,29 octobre 2025,Le Télégramme,"Hors saison, nos petits hotels résistent"
2025-10-29-Ouest-France-consommation-d-eau.jpeg,29 octobre 2025,Ouest-France,Comment réduire sa consommation d’eau ?
2025-10-29-Ouest-France-village-senior.jpeg,29 octobre 2025,Ouest-France,Un village sénior de 27 maisons va voir le jour
2025-10-31-Ouest-France-prix-de-l-immibilierjpeg.jpeg,31 octobre 2025,Ouest-France,Un retour à la normale des prix immobiliers
2025-11-03-Le-Telegramme-4-lauriers.jpeg,3 novembre 2025,Le Télégramme,La commune est désormais labellisée Ville active et sportive 4 lauriers
2025-11-03-Le-Telegramme-medaille-du-travail.jpeg,3 novembre 2025,Le Télégramme,Ils sont 46 agents municipaux à avoir reçu la médaille du travail
2025-11-04-Le-Telegramme-nombre-d-hotels.jpeg,4 novembre 2025,Le Télégramme,Perros-Guirec partagée sur son nombre d’hôtels
2025-11-05-Le-Telegramme-Les-Traoueiros.jpeg,5 novembre 2025,Le Télégramme,“On n’expropriera personne” : le projet enclenché aux Traouïero
2025-11-07-Ouest-France-repas-des-aines.jpeg,7 novembre 2025,Ouest-France,Près de 300 aînés réunis pour le repas annuel
2025-11-17-Le-Tregor-eclairage-public.jpeg,17 novembre 2025,Le Trégor,Eclairage public. De nouveaux candélabres moins énergivores
2025-11-17-Le-Tregor-PLUiH.jpeg,17 novembre 2025,Le Trégor,PLUi-H : où pourra-t-on construire les logements de demain à Perros ?
2025-11-17-Le-Tregor-ville-sportive-et-active.jpeg,17 novembre 2025,Le Trégor,Ville active et sportive. La ville obtient le niveau d’excellence de ce label national
2025-11-20-Le-Tregor-le-haut-debit.jpeg,20 novembre 2025,Le Trégor,Le très haut débit partout fin 2026
2025-11-22-Le-Telegramme-Grosses-unites-bassin-du-Linkin-2.jpeg,22 novembre 2025,Le Télégramme,Le bassin du Linkin s’ouvre aux “grosses unités” et ça marche bien - page 2
2025-11-22-Le-Telegramme-Grosses-unites-bassin-du-Linkin.jpeg,22 novembre 2025,Le Télégramme,Le bassin du Linkin s’ouvre aux “grosses unités” et ça marche bien
2025-11-22-Ouest-France-Ecologie-municipales.jpeg,22 novembre 2025,Ouest-France,"L’écologie, thème porteur pour les municipales ?"
2025-11-25-Ouest-France-maire-acteur-de-confiance.jpeg,25 novembre 2025,Ouest-France,"Le maire reste un acteur de confiance, à l’écoute"
2025-12-04-Ouest-France-Depart-Solitaire-du-Figaro.jpeg,4 décembre 2025,Ouest-France,Le port choisi pour le départ de la prochaine solitaire du Figaro
2025-12-12-Le-Tregor-permis-quinquis-suspendu.jpeg,12 décembre 2025,Le Trégor,Rebondissement : Le permis de construire de Pierre & Vacances au Quinquis suspendu
2025-12-12-Ouest-France-Flux-auto-Ploumanach.jpeg,12 décembre 2025,Ouest-France,Comment gérer le flux automobile à Ploumanac’h
2025-12-18-Ouest-France-Traou-Costiou-respectueux.jpeg,18 décembre 2025,Ouest-France,"Pour la maire, ce lotissement contesté est respectueux de l’environnement"
2025-12-19-Le-Telegramme-conseil-jeunes.jpeg,19 décembre 2025,Le Télégramme,Les jeunes élus découvrent le conseil municipal des grands
2025-12-19-Le-Telegramme-Traou-Costiou-respectueux-de-l'environnement.jpeg,19 décembre 2025,Le Télégramme,Traou Costiou “respectueux de l’environnement”
2025-12-22-Le-Telegramme-Orientations-budgetaires.jpeg,22 décembre 2025,Le Télégramme,Orientations budgétaires : la prudence est de mise
2025-12-22-Ouest-France-budget2026.jpeg,22 décembre 2025,Ouest-France,Un budget 2026 prudent face aux “vastes incertitudes”
2025-12-22-Ouest-France-Noel-festif.jpeg,22 décembre 2025,Ouest-France,Un week-end de Noël très festif sur le port comme au centre-ville
2025-12-22-Ouest-France-projet-Pierre-et-Vacances-ou-friche.jpeg,22 décembre 2025,Ouest-France,Suspendre le projet Pierre & Vacances reviendrait à “maintenir une friche”
2025-12-22-Ouest-France-Retour-des-services-techniques-possible.jpeg,22 décembre 2025,Ouest-France,Le retour des services techniques serait possible
2025-12-26-Le-Tregor-Avenue-du-Casino-neuve.jpeg,26 décembre 2025,Le Trégor,"L'avenue du Casino flambant neuve, favorise un “meilleur partage de l’espace public”"
2025-12-26-Le-Tregor-Avenue-du-Casino-rouvre.jpeg,26 décembre 2025,Le Trégor,Avenue du Casino. La fin d’un gros chantier
2025-12-28-Larousse-Perros.jpeg,28 décembre 2025,Larousse,Perros mise en lumière dans “A la découverte la France”
2025-12-29-Ouest-France-Ploumanach-prendant-les-fetes.jpeg,29 décembre 2025,Ouest-France,Le bourg de Ploumanac’h attire toujours pendant les fêtes
2026-01-03-Le-Telegramme-Voeux-2.jpeg,3 janvier 2026,Le Télégramme,Derniers voeux du mandat d’Erven Léon - page 2
2026-01-03-Le-Telegramme-Voeux-3.jpeg,3 janvier 2026,Le Télégramme,Derniers voeux du mandat d’Erven Léon - page 3
2026-01-03-Le-Telegramme-Voeux.jpeg,3 janvier 2026,Le Télégramme,Derniers voeux du mandat d’Erven Léon
2026-01-08-Le-Tregor-Des-perspectives-enthousiasmantes-pour-2026.jpeg,8 janvier 2026,Le Tregor,Des perspectives enthousiasmantes pour 2026
2026-01-08-Le-Tregor-Thierry-Roger-skipper-du-trimaran-Perros-Guirec-sur-la-route-rhum.jpeg,8 janvier 2026,Le Tregor,Thierry Roger skipper du trimaran Perros-Guirec se prépare pour le Route du Rhum 2026
2026-01-10-Le-Telegramme-Erven-Leon-souhaite-une-campagne-responsable-et-respectueuse.jpeg,10 janvier 2026,Le Telegramme,Erven Leon souhaite une campagne responsable et respectueuse
2026-01-12-Ouest-France-Un-taux-de-residences-principales-important.jpeg,12 janvier 2026,Ouest France,Un taux de résidences principales important
2026-01-13-Ouest-France-Municipales-2026-Quels-candidats.jpeg,13 janvier 2026,Ouest France,Municipales 2026 : Quels candidats sont sur la ligne de départ ?
2026-01-14-Le-Tregor-Erven-Leon-presente-sa-liste-avec-21-nouveaux-visages.png,14 janvier 2026,Le Tregor,Erven Leon présente sa liste avec 21 nouveaux visages
2026-01-14-Ouest-France-Quinquis-Office-de-tourisme-quels-sont-les-sujets-chauds-de-la-campagne.jpg,14 janvier 2026,Ouest France,Quinquis, Office de Tourisme, quels sont les sujets chauds de la campagne ?
2026-01-14-Ouest-France-Erven-Leon-s-echarpe-avec-une-liste-conucurrente-aux-elections-municipales.jpg,14 janvier 2026,Ouest France,Erven Léon s'écharpe d'une liste concurrente aux élections municipales
2026-01-15-Le-Telegramme-Une-Liste-Renouvelée-pour-Erven-Léon.jpeg,15 janvier 2026,Le Telegramme,Une liste renouvelée pour Erven Léon
2026-01-15-Ouest-France-presentation-liste.pdf,15 janvier 2026,Ouest France,Erven Léon présente une liste renouvelée